<?xml version="1.0" encoding="UTF-8"?>
<project-private xmlns="http://www.netbeans.org/ns/project-private/1">
    <editor-bookmarks xmlns="http://www.netbeans.org/ns/editor-bookmarks/2" lastBookmarkId="0"/>
    <open-files xmlns="http://www.netbeans.org/ns/projectui-open-files/2">
        <group>
            <file>file:/C:/Users/barba/Documents/NetBeansProjects/PDV2/src/Classes/DAO/formaPagamentoDAO.java</file>
            <file>file:/C:/Users/barba/Documents/NetBeansProjects/PDV2/src/pdv2/PDV2.java</file>
            <file>file:/C:/Users/barba/Documents/NetBeansProjects/PDV2/src/pdv2/PDF.java</file>
            <file>file:/C:/Users/barba/Documents/NetBeansProjects/PDV2/src/view/ConsultarVenda.java</file>
        </group>
    </open-files>
</project-private>
